<manifest><control namespace="daymandynamics" constructor="AlertsDisplay" version="1.0.0" display-name-key="AlertsDisplay" description-key="Use this control to display related information as alerts on a form." control-type="standard" preview-image="img/preview.png" api-version="1.3.4"><property name="sampleProperty" display-name-key="Property_Display_Key" description-key="Property_Desc_Key" of-type="SingleLine.Text" usage="bound" required="false" /><property name="JSONAlert" display-name-key="Json" description-key="Property_Desc_Key" of-type="Multiple" usage="input" required="true" /><resources><code path="bundle.js" order="1" /><css path="css/AlertsDisplay.css" order="1" /><resx path="strings/AlertsDisplay.1033.resx" version="1.0.0" /></resources><feature-usage><uses-feature name="Utility" required="true" /><uses-feature name="WebAPI" required="true" /></feature-usage><built-by name="pac" version="1.15.3" /></control></manifest>